,symbol,ticker
0,20MICRONS,16921
1,21STCENMGM,4
2,3IINFOTECH,11774
3,3MINDIA,474
4,3PLAND,2595
5,5PAISA,445
6,63MOONS,11868
7,A2ZINFRA,20906
8,AAKASH,240
9,AARON,1030
10,AARTIDRUGS,4481
11,AARTIIND,7
12,AARTISURF,19233
13,AARVEEDEN,13771
14,AARVI,19073
15,AAVAS,5385
16,ABAN,10
17,ABB,13
18,ABBOTINDIA,17903
19,ABCAPITAL,21614
20,ABFRL,30108
21,ABMINTLTD,17249
22,ACC,22
23,ACCELYA,7053
24,ACCURACY,1465
25,ACE,13587
26,ACRYSIL,1879
27,ADANIENT,25
28,ADANIGREEN,3563
29,ADANIPORTS,15083
30,ADANIPOWER,17388
31,ADANITRANS,10217
32,ADFFOODS,19761
33,ADHUNIKIND,17507
34,ADL,248
35,ADORWELD,34
36,ADROITINFO,4953
37,ADSL,14813
38,ADVANIHOTR,14745
39,ADVENZYMES,18039
40,AEGISCHEM,40
41,AFFLE,11343
42,AGARIND,3401
43,AGCNET,3435
44,AGRITECH,11072
45,AGROPHOS,9046
46,AHLADA,2004
47,AHLEAST,19438
48,AHLUCONT,17833
49,AHLWEST,19366
50,AIAENG,13086
51,AIRAN,9897
52,AJANTPHARM,8124
53,AJMERA,17307
54,AKASH,13510
55,AKG,2176
56,AKSHARCHEM,20178
57,AKSHOPTFBR,8591
58,AKZOINDIA,1467
59,ALANKIT,9921
60,ALBERTDAVD,17256
61,ALEMBICLTD,79
62,ALICON,13656
63,ALKALI,16959
64,ALKEM,11703
65,ALKYLAMINE,4487
66,ALLCARGO,13501
67,ALLSEC,11798
68,ALMONDZ,16719
69,ALOKINDS,17675
70,ALPA,14848
71,ALPHAGEO,14597
72,ALPSINDUS,7623
73,AMARAJABAT,100
74,AMBER,1185
75,AMBIKCO,15234
76,AMBUJACEM,1270
77,AMDIND,14398
78,AMJLAND,2598
79,AMRUTANJAN,17547
80,ANANTRAJ,13620
81,ANDHRACEMT,20419
82,ANDHRAPAP,166
83,ANDHRSUGAR,136
84,ANGELBRKG,324
85,ANIKINDS,16657
86,ANKITMETAL,29430
87,ANSALAPI,148
88,ANSALHSG,13673
89,ANUP,9014
90,APARINDS,11491
91,APCL,20453
92,APCOTEXIND,154
93,APEX,21623
94,APLAPOLLO,25780
95,APLLTD,25328
96,APOLLO,1134
97,APOLLOHOSP,157
98,APOLLOPIPE,14361
99,APOLLOTYRE,163
100,APOLSINHOT,6302
101,APTECHT,10755
102,ARCHIDPLY,16799
103,ARCHIES,5688
104,ARENTERP,181
105,ARIES,15204
106,ARIHANT,13885
107,ARIHANTSUP,20159
108,ARMANFIN,17263
109,AROGRANITE,14557
110,ARROWGREEN,9260
111,ARSHIYA,17825
112,ARSSINFRA,18202
113,ARTEMISMED,16913
114,ARVIND,193
115,ARVINDFASN,9111
116,ARVSMART,10457
117,ASAHIINDIA,5378
118,ASAHISONG,25088
119,ASAL,11643
120,ASALCBR,17598
121,ASHAPURMIN,203
122,ASHIANA,24403
123,ASHIMASYN,206
124,ASHOKA,20182
125,ASHOKLEY,212
126,ASIANHOTNR,18422
127,ASIANPAINT,236
128,ASIANTILES,14889
129,ASPINWALL,17270
130,ASTEC,17728
131,ASTERDM,1508
132,ASTRAL,14418
133,ASTRAMICRO,11618
134,ASTRAZEN,5610
135,ASTRON,874
136,ATFL,1663
137,ATGL,6066
138,ATLANTA,13585
139,ATUL,263
140,ATULAUTO,30023
141,AUBANK,21238
142,AURIONPRO,12022
143,AUROPHARMA,275
144,AUSOMENT,4037
145,AUTOAXLES,278
146,AUTOIND,14106
147,AUTOLITIND,10061
148,AVADHSUGAR,21406
149,AVANTIFEED,7936
150,AVTNPL,14008
151,AWHCL,1797
152,AXISBANK,5900
153,AXISCADES,9436
154,AYMSYNTEX,10285
155,BAFNAPH,17742
156,BAGFILMS,11226
157,BAJAJ-AUTO,16669
158,BAJAJCON,19531
159,BAJAJELEC,15034
160,BAJAJFINSV,16675
161,BAJAJHIND,308
162,BAJAJHLDNG,305
163,BAJFINANCE,317
164,BALAJITELE,9158
165,BALAMINES,14501
166,BALAXI,11309
167,BALKRISHNA,18321
168,BALKRISIND,335
169,BALLARPUR,1299
170,BALMLAWRIE,338
171,BALPHARMA,13441
172,BALRAMCHIN,341
173,BANARBEADS,347
174,BANARISUG,350
175,BANCOINDIA,13880
176,BANDHANBNK,2263
177,BANG,15303
178,BANKA,822
179,BANKBARODA,4668
180,BANKINDIA,4745
181,BANSWRAS,14511
182,BARTRONICS,17921
183,BASF,368
184,BASML,12034
185,BATAINDIA,371
186,BAYERCROP,17927
187,BBL,13761
188,BBTC,380
189,BCG,8833
190,BCP,11662
191,BDL,2144
192,BEARDSELL,17933
193,BECTORFOOD,1628
194,BEDMUTHA,20196
195,BEL,383
196,BEML,395
197,BEPL,419
198,BERGEPAINT,404
199,BESTAGRO,2306
200,BFINVEST,21113
201,BFUTILITIE,14567
202,BGRENERGY,15189
203,BHAGERIA,13400
204,BHAGYANGR,20776
205,BHAGYAPROP,21332
206,BHANDARI,19560
207,BHARATFORG,422
208,BHARATGEAR,426
209,BHARATRAS,3834
210,BHARATWIRE,16123
211,BHARTIARTL,10604
212,BHEL,438
213,BIGBLOC,18431
214,BIL,7848
215,BINDALAGRO,471
216,BIOCON,11373
217,BIOFILCHEM,4136
218,BIRLACABLE,477
219,BIRLACORPN,480
220,BIRLAMONEY,15239
221,BIRLATYRE,17586
222,BKMINDST,7446
223,BLBLIMITED,8132
224,BLISSGVS,19265
225,BLKASHYAP,13294
226,BLS,17279
227,BLUECOAST,7480
228,BLUEDART,495
229,BLUESTARCO,8311
230,BODALCHEM,25017
231,BOMDYEING,513
232,BOROLTD,19401
233,BORORENEW,3149
234,BOSCHLTD,2181
235,BPCL,526
236,BPL,530
237,BRFL,13066
238,BRIGADE,15184
239,BRITANNIA,547
240,BRNL,21683
241,BROOKS,25136
242,BSE,19585
243,BSELINFRA,9647
244,BSHSL,812
245,BSL,559
246,BSOFT,6994
247,BURGERKING,1494
248,BURNPUR,15198
249,BUTTERFLY,2716
250,BVCL,15077
251,BYKE,7919
252,CADILAHC,7929
253,CALSOFT,8341
254,CAMLINFINE,6216
255,CAMS,342
256,CANBK,10794
257,CANDC,8874
258,CANFINHOME,583
259,CANTABIL,20160
260,CAPACITE,21749
261,CAPLIPOINT,3906
262,CAPTRUST,19447
263,CARBORUNIV,595
264,CAREERP,20086
265,CARERATING,29113
266,CASTROLIND,1250
267,CCCL,14996
268,CCHHL,6385
269,CCL,11452
270,CDSL,21174
271,CEATLTD,15254
272,CEBBCO,20228
273,CELEBRITY,13165
274,CENTENKA,619
275,CENTEXT,11511
276,CENTRALBK,14894
277,CENTRUM,2454
278,CENTUM,14982
279,CENTURYPLY,13305
280,CENTURYTEX,625
281,CERA,15039
282,CEREBRAINT,30012
283,CESC,628
284,CGCL,20329
285,CGPOWER,760
286,CHALET,8546
287,CHAMBLFERT,637
288,CHEMBOND,14618
289,CHEMCON,270
290,CHEMFAB,2799
291,CHENNPETRO,2049
292,CHOLAFIN,685
293,CHOLAHLDNG,21740
294,CIGNITITEC,5142
295,CINELINE,27161
296,CINEVISTA,8024
297,CIPLA,694
298,CLEDUCATE,20223
299,CLNINDIA,715
300,CMICABLES,19133
301,CNOVAPETRO,31843
302,COALINDIA,20374
303,COCHINSHIP,21508
304,COFORGE,11543
305,COLPAL,15141
306,COMPINFO,17632
307,COMPUSOFT,31138
308,CONCOR,4749
309,CONFIPET,10238
310,CONSOFINVT,11731
311,CONTROLPR,17477
312,CORALFINAC,4007
313,CORDSCABLE,15271
314,COROMANDEL,739
315,COSMOFILMS,742
316,COUNCODOS,16989
317,COX&KINGS,15874
318,CREATIVE,11155
319,CREATIVEYE,9384
320,CREDITACC,4421
321,CREST,13900
322,CRISIL,757
323,CROMPTON,17094
324,CSBBANK,14966
325,CTE,14218
326,CUB,5701
327,CUBEXTUB,4064
328,CUMMINSIND,1901
329,CUPID,18520
330,CYBERMEDIA,11845
331,CYBERTECH,6051
332,CYIENT,5748
333,DAAWAT,13816
334,DABUR,772
335,DALBHARAT,8075
336,DALMIASUG,781
337,DAMODARIND,17541
338,DANGEE,1110
339,DATAMATICS,11423
340,DBCORP,17881
341,DBL,18086
342,DBREALTY,18128
343,DBSTOCKBRO,31107
344,DCAL,21704
345,DCBBANK,13725
346,DCM,805
347,DCMFINSERV,8704
348,DCMNVL,11041
349,DCMSHRIRAM,811
350,DCW,817
351,DECCANCE,14838
352,DEEPAKFERT,827
353,DEEPAKNTR,19943
354,DEEPENR,18244
355,DELTACORP,15044
356,DELTAMAGNT,1214
357,DEN,17722
358,DENORA,4279
359,DFMFOODS,19271
360,DGCONTENT,10346
361,DHAMPURSUG,857
362,DHANBANK,11359
363,DHANI,15384
364,DHANUKA,24409
365,DHARSUGAR,866
366,DHFL,842
367,DHUNINV,22233
368,DIAMONDYD,21840
369,DICIND,703
370,DIGISPICE,16687
371,DIGJAMLTD,13315
372,DISHTV,14537
373,DIVISLAB,10940
374,DIXON,21690
375,DLF,14732
376,DLINKINDIA,17851
377,DMART,19913
378,DOLAT,12124
379,DOLLAR,20560
380,DONEAR,13839
381,DPABHUSHAN,936
382,DPSCLTD,15419
383,DPWIRES,16900
384,DREDGECORP,11271
385,DRREDDY,881
386,DSSL,25690
387,DTIL,6227
388,DUCON,28952
389,DVL,15214
390,DWARKESH,11667
391,DYNAMATECH,4525
392,DYNPRO,21314
393,EASUNREYRL,3945
394,EBIXFOREX,24391
395,ECLERX,15179
396,EDELWEISS,15119
397,EDUCOMP,21747
398,EICHERMOT,910
399,EIDPARRY,916
400,EIHAHOTELS,15399
401,EIHOTEL,919
402,EIMCOELECO,4040
403,EKC,13091
404,ELECON,13643
405,ELECTCAST,928
406,ELECTHERM,4469
407,ELGIEQUIP,937
408,ELGIRUBCO,24924
409,EMAMILTD,13517
410,EMAMIPAP,10074
411,EMAMIREAL,19277
412,EMCO,270
413,EMKAY,13421
414,EMMBI,18142
415,ENDURANCE,18822
416,ENERGYDEV,15053
417,ENGINERSIN,4907
418,ENIL,13192
419,EPL,981
420,EQUITAS,16852
421,EQUITASBNK,913
422,ERIS,21154
423,EROSMEDIA,20080
424,ESABINDIA,955
425,ESCORTS,958
426,ESSARSHPNG,25634
427,ESTER,24265
428,EUROTEXIND,999
429,EVEREADY,11782
430,EVERESTIND,993
431,EXCEL,17376
432,EXCELINDUS,11471
433,EXIDEIND,676
434,EXPLEOSOL,17486
435,FACT,1008
436,FAIRCHEMOR,1614
437,FCL,6198
438,FCONSUMER,30038
439,FCSSOFT,12002
440,FDC,4898
441,FEDERALBNK,1023
442,FEL,10516
443,FELDVR,17002
444,FIEMIND,13710
445,FILATEX,24532
446,FINCABLES,1038
447,FINEORG,3744
448,FINPIPE,1041
449,FLEXITUFF,25512
450,FLFL,30752
451,FLUOROCHEM,13750
452,FMGOETZE,1190
453,FMNL,21017
454,FORCEMOT,11573
455,FORTIS,14592
456,FOSECOIND,1073
457,FRETAIL,18378
458,FSC,744
459,FSL,14304
460,GABRIEL,1085
461,GAEL,8828
462,GAIL,4717
463,GAL,20296
464,GALAXYSURF,1315
465,GALLANTT,13337
466,GALLISPAT,20140
467,GAMMNINFRA,15389
468,GANDHITUBE,14116
469,GANECOS,6944
470,GANESHHOUC,14339
471,GANGESSECU,21399
472,GARFIBRES,1100
473,GATI,13688
474,GAYAHWS,3699
475,GAYAPROJ,25023
476,GBGLOBAL,10114
477,GDL,11735
478,GEECEE,13658
479,GEEKAYWIRE,17922
480,GENCON,2188
481,GENESYS,11269
482,GENUSPAPER,6600
483,GENUSPOWER,11905
484,GEOJITFSL,11896
485,GEPIL,7862
486,GESHIP,13776
487,GET&D,16783
488,GFLLIMITED,1289
489,GFSTEELS,11080
490,GHCL,1127
491,GICHSGFIN,1139
492,GICRE,277
493,GILLANDERS,17839
494,GILLETTE,1576
495,GINNIFILA,1142
496,GIPCL,1145
497,GISOLUTION,16996
498,GKWLIMITED,17357
499,GLAND,1186
500,GLAXO,1153
501,GLENMARK,7406
502,GLFL,1156
503,GLOBAL,1415
504,GLOBALVECT,1666
505,GLOBE,11195
506,GLOBOFFS,14572
507,GLOBUSSPR,17424
508,GMBREW,1168
509,GMDCLTD,5204
510,GMMPFAUDLR,1570
511,GMRINFRA,13528
512,GNA,18571
513,GNFC,1174
514,GOACARBON,14687
515,GOCLCORP,3963
516,GODFRYPHLP,1181
517,GODHA,1607
518,GODREJAGRO,144
519,GODREJCP,10099
520,GODREJIND,10925
521,GODREJPROP,17875
522,GOENKA,5010
523,GOKEX,11778
524,GOKUL,16705
525,GOKULAGRO,14480
526,GOLDENTOBC,1255
527,GOLDIAM,11971
528,GOLDTECH,9874
529,GOODLUCK,6125
530,GOODYEAR,1205
531,GPIL,13409
532,GPPL,19731
533,GPTINFRA,17685
534,GRANULES,11872
535,GRAPHITE,592
536,GRASIM,1232
537,GRAVITA,20534
538,GREAVESCOT,1235
539,GREENLAM,6848
540,GREENPANEL,13810
541,GREENPLY,3987
542,GREENPOWER,20114
543,GRINDWELL,13560
544,GROBTEA,17770
545,GRPLTD,6543
546,GRSE,5475
547,GSCLCEMENT,29850
548,GSFC,1247
549,GSPL,13197
550,GSS,15347
551,GTL,1162
552,GTLINFRA,13745
553,GTNIND,1260
554,GTNTEX,13473
555,GTPL,21195
556,GUFICBIO,11606
557,GUJALKALI,1267
558,GUJAPOLLO,14677
559,GUJGASLTD,10599
560,GUJRAFFIA,10097
561,GULFOILLUB,4391
562,GULFPETRO,11581
563,GULPOLY,6286
564,HAL,2303
565,HAPPSTMNDS,48
566,HARITASEAT,17052
567,HARRMALAYA,1313
568,HATHWAY,18154
569,HATSUN,3892
570,HAVELLS,9819
571,HAVISHA,8417
572,HBLPOWER,13966
573,HBSL,4118
574,HCC,1375
575,HCG,15555
576,HCL-INSYS,1327
577,HCLTECH,7229
578,HDFC,1330
579,HDFCAMC,4244
580,HDFCBANK,1333
581,HDFCLIFE,467
582,HDIL,17920
583,HEG,1336
584,HEIDELBERG,2316
585,HEMIPROP,704
586,HERCULES,15288
587,HERITGFOOD,4598
588,HEROMOTOCO,1348
589,HESTERBIO,7048
590,HEXATRADEX,27008
591,HFCL,21951
592,HGINFRA,1672
593,HGS,14712
594,HIKAL,9668
595,HIL,1455
596,HILTON,14627
597,HIMATSEIDE,1360
598,HINDALCO,1363
599,HINDCOMPOS,1372
600,HINDCOPPER,17939
601,HINDMOTORS,21676
602,HINDNATGLS,17046
603,HINDOILEXP,1403
604,HINDPETRO,1406
605,HINDUNILVR,1394
606,HINDZINC,1424
607,HIRECT,13890
608,HISARMETAL,19322
609,HITECH,2868
610,HITECHCORP,15161
611,HITECHGEAR,4433
612,HLEGLAS,2289
613,HLVLTD,1448
614,HMT,19698
615,HMVL,19211
616,HNDFDS,12173
617,HOMEFIRST,2056
618,HONAUT,3417
619,HONDAPOWER,3138
620,HOTELRUGBY,4020
621,HOVS,13592
622,HPL,18679
623,HSCL,14334
624,HSIL,1412
625,HTMEDIA,11979
626,HUBTOWN,14207
627,HUDCO,20825
628,HUHTAMAKI,2562
629,IBREALEST,14450
630,IBULHSGFIN,30125
631,ICEMAKE,489
632,ICICIBANK,4963
633,ICICIGI,21770
634,ICICIPRULI,18652
635,ICIL,11987
636,ICRA,14523
637,IDBI,1476
638,IDEA,14366
639,IDFC,11957
640,IDFCFIRSTB,11184
641,IEX,220
642,IFBAGRO,1482
643,IFBIND,1485
644,IFCI,1491
645,IFGLEXPOR,436
646,IGARASHI,634
647,IGL,11262
648,IGPL,14086
649,IIFL,11809
650,IIFLSEC,13072
651,IIFLWAM,13061
652,IITL,19525
653,IL&FSENGG,9380
654,IL&FSTRANS,9381
655,IMAGICAA,7672
656,IMFA,19235
657,IMPAL,12009
658,IMPEXFERRO,11684
659,INDBANK,16933
660,INDHOTEL,1512
661,INDIACEM,1515
662,INDIAGLYCO,1521
663,INDIAMART,10726
664,INDIANB,14309
665,INDIANCARD,4422
666,INDIANHUME,1530
667,INDIGO,11195
668,INDIGOPNTS,2048
669,INDLMETER,3938
670,INDNIPPON,4747
671,INDOCO,11677
672,INDORAMA,10993
673,INDOSOLAR,10861
674,INDOSTAR,3088
675,INDOTECH,13275
676,INDOTHAI,25612
677,INDOWIND,14956
678,INDRAMEDCO,4751
679,INDSWFTLAB,4870
680,INDTERRAIN,21961
681,INDUSINDBK,5258
682,INDUSTOWER,29135
683,INEOSSTYRO,19
684,INFIBEAM,16249
685,INFOBEAN,11027
686,INFOMEDIA,13693
687,INFY,1594
688,INGERRAND,1597
689,INOXLEISUR,13221
690,INOXWIND,7852
691,INSECTICID,14657
692,INSPIRISYS,13730
693,INTEGRA,30323
694,INTELLECT,5926
695,INTENTECH,20071
696,INVENTURE,24870
697,IOB,9348
698,IOC,1624
699,IOLCP,20413
700,IPCALAB,1633
701,IRB,15313
702,IRCON,4986
703,IRCTC,13611
704,IRFC,2029
705,IRISDOREME,2275
706,ISEC,2489
707,ISFT,18479
708,ISMTLTD,14932
709,ITC,1660
710,ITDC,19299
711,ITDCEM,5622
712,ITI,1675
713,IVC,6711
714,IVP,1681
715,IZMO,14174
716,J&KBANK,5633
717,JAGRAN,13211
718,JAGSNPHARM,4410
719,JAIBALAJI,14076
720,JAICORPLTD,5143
721,JAINSTUDIO,8884
722,JAMNAAUTO,20778
723,JASH,13982
724,JAYAGROGN,4041
725,JAYBARMARU,1708
726,JAYNECOIND,2331
727,JAYSREETEA,1720
728,JBCHEPHARM,1726
729,JBFIND,1729
730,JBMA,11655
731,JCHAC,4491
732,JETAIRWAYS,13420
733,JHS,13723
734,JIKIND,16983
735,JINDALPHOT,11743
736,JINDALPOLY,1756
737,JINDALSAW,3024
738,JINDALSTEL,6733
739,JINDRILL,13875
740,JINDWORLD,20642
741,JISLDVREQS,25688
742,JISLJALEQS,10397
743,JITFINFRA,19695
744,JIYAECO,11762
745,JKCEMENT,13270
746,JKIL,15266
747,JKLAKSHMI,13491
748,JKPAPER,11860
749,JKTYRE,14435
750,JMA,7109
751,JMCPROJECT,4430
752,JMFINANCIL,13637
753,JMTAUTOLTD,14474
754,JOCIL,16927
755,JPASSOCIAT,11460
756,JPINFRATEC,18895
757,JPPOWER,11763
758,JSL,11236
759,JSLHISAR,12304
760,JSWENERGY,17869
761,JSWHL,11880
762,JSWISPL,4671
763,JSWSTEEL,11723
764,JTEKTINDIA,3237
765,JUBLFOOD,18096
766,JUBLINDS,21541
767,JUBLPHARMA,3637
768,JUMPNET,12052
769,JUSTDIAL,29962
770,JYOTHYLAB,15146
771,KABRAEXTRU,1805
772,KAJARIACER,1808
773,KAKATCEM,1811
774,KALPATPOWR,1814
775,KALYANI,21119
776,KALYANIFRG,15160
777,KAMATHOTEL,1826
778,KAMDHENU,13457
779,KANANIIND,25786
780,KANORICHEM,9805
781,KANPRPLA,1782
782,KANSAINER,1196
783,KAPSTON,18969
784,KARDA,2354
785,KARMAENG,24389
786,KARURVYSYA,1838
787,KAUSHALYA,15136
788,KAYA,10276
789,KCP,1841
790,KCPSUGIND,4809
791,KDDL,14908
792,KEC,13260
793,KECL,18220
794,KEERTI,1129
795,KEI,13310
796,KELLTONTEC,13430
797,KENNAMET,11841
798,KERNEX,13125
799,KESORAMIND,1859
800,KEYFINSERV,4157
801,KGL,15102
802,KHADIM,425
803,KHAICHEM,896
804,KHANDSE,9641
805,KICL,21119
806,KILITCH,19937
807,KINGFA,18944
808,KIOCL,19126
809,KIRIINDUS,16639
810,KIRLFER,14466
811,KIRLOSBROS,18581
812,KIRLOSENG,20936
813,KIRLOSIND,19025
814,KITEX,28899
815,KKCL,13381
816,KMSUGAR,14667
817,KNRCON,15283
818,KOKUYOCMLN,16827
819,KOLTEPATIL,15124
820,KOPRAN,1919
821,KOTAKBANK,1922
822,KOTARISUG,11647
823,KOTHARIPET,4594
824,KOTHARIPRO,5528
825,KPITTECH,9683
826,KPRMILL,14912
827,KRBL,10577
828,KREBSBIO,1937
829,KRIDHANINF,11480
830,KRISHANA,12847
831,KSB,1949
832,KSCL,14972
833,KSL,18889
834,KTKBANK,8054
835,KUANTUM,13870
836,KWALITY,17897
837,L&TFH,24948
838,LAKPRE,4774
839,LALPATHLAB,11654
840,LAMBODHARA,6407
841,LAOPALA,14423
842,LASA,21713
843,LAURUSLABS,19234
844,LAXMIMACH,1979
845,LEMONTREE,2606
846,LFIC,7902
847,LGBBROSLTD,18321
848,LGBFORGE,16845
849,LIBAS,11083
850,LIBERTSHOE,1994
851,LICHSGFIN,1997
852,LIKHITHA,578
853,LINCOLN,11596
854,LINCPEN,6951
855,LINDEINDIA,1627
856,LOKESHMACH,13439
857,LOTUSEYE,16807
858,LOVABLE,22415
859,LPDC,16867
860,LSIL,17801
861,LT,11483
862,LTI,17818
863,LTTS,18564
864,LUMAXIND,2018
865,LUMAXTECH,14014
866,LUPIN,10440
867,LUXIND,11301
868,LYKALABS,7248
869,LYPSAGEMS,31468
870,M&M,2031
871,M&MFIN,13285
872,MAANALU,15017
873,MACPOWER,22349
874,MADHAV,15151
875,MADHUCON,13671
876,MADRASFERT,6512
877,MAGADSUGAR,21392
878,MAGMA,11403
879,MAGNUM,14957
880,MAHABANK,11377
881,MAHAPEXLTD,8679
882,MAHASTEEL,17527
883,MAHEPC,17603
884,MAHESHWARI,9576
885,MAHINDCIE,14937
886,MAHLIFE,8050
887,MAHLOG,385
888,MAHSCOOTER,2085
889,MAHSEAMLES,2088
890,MAITHANALL,24538
891,MAJESCO,10314
892,MALUPAPER,13352
893,MANAKALUCO,7420
894,MANAKCOAT,7413
895,MANAKSIA,15199
896,MANAKSTEEL,7463
897,MANALIPETC,13796
898,MANAPPURAM,19061
899,MANGALAM,11817
900,MANGCHEFER,15007
901,MANGLMCEM,2106
902,MANGTIMBER,2109
903,MANINDS,11884
904,MANINFRA,18226
905,MANUGRAPH,13572
906,MARALOVER,7040
907,MARATHON,18659
908,MARICO,4067
909,MARINE,1328
910,MARKSANS,10579
911,MARUTI,10999
912,MASFIN,199
913,MASKINVEST,18731
914,MASTEK,2124
915,MATRIMONY,21726
916,MAWANASUG,17022
917,MAXHEALTH,22377
918,MAXIND,22428
919,MAXVIL,17468
920,MAYURUNIQ,28906
921,MAZDA,18866
922,MAZDOCK,509
923,MBAPL,12705
924,MBECL,13687
925,MBLINFRA,18029
926,MCDHOLDING,14662
927,MCDOWELL-N,10447
928,MCL,22360
929,MCLEODRUSS,11943
930,MCX,31181
931,MEGASOFT,14793
932,MEGH,14750
933,MELSTAR,17950
934,MENONBE,6961
935,MEP,8771
936,MERCATOR,11879
937,METALFORGE,52
938,METKORE,10996
939,METROPOLIS,9581
940,MFSL,2142
941,MGEL,1593
942,MGL,17534
943,MHRIL,17333
944,MIC,16921
945,MIDHANI,2463
946,MINDACORP,25897
947,MINDAIND,14154
948,MINDTECK,18049
949,MINDTREE,14356
950,MIRCELECTR,2202
951,MIRZAINT,4394
952,MITTAL,18562
953,MMFL,13844
954,MMP,16395
955,MMTC,17957
956,MODIRUBBER,6934
957,MOHITIND,29423
958,MOHOTAIND,10373
959,MOIL,20830
960,MOLDTECH,17625
961,MOLDTKPAC,6713
962,MONTECARLO,5938
963,MORARJEE,28877
964,MOREPENLAB,2259
965,MOTHERSUMI,4204
966,MOTILALOFS,14947
967,MOTOGENFIN,2268
968,MPHASIS,4503
969,MPSLTD,10578
970,MRF,2277
971,MRO-TEK,8998
972,MRPL,2283
973,MSPL,11919
974,MSTCLTD,9356
975,MTEDUCARE,31409
976,MTNL,2294
977,MUKANDENGG,8343
978,MUKANDLTD,11325
979,MUKTAARTS,8687
980,MUNJALAU,13511
981,MUNJALSHOW,2307
982,MURUDCERA,2313
983,MUTHOOTCAP,10415
984,MUTHOOTFIN,23650
985,NACLIND,20425
986,NAGAFERT,17295
987,NAGREEKCAP,14942
988,NAGREEKEXP,14702
989,NAHARCAP,15360
990,NAHARINDUS,13106
991,NAHARPOLY,14445
992,NAHARSPING,14440
993,NAM-INDIA,357
994,NATCOPHARM,3918
995,NATHBIOGEN,11065
996,NATIONALUM,6364
997,NATNLSTEEL,8682
998,NAUKRI,13751
999,NAVINFLUOR,14672
1000,NAVKARCORP,10557
1001,NAVNETEDUL,2385
1002,NBCC,31415
1003,NBIFIN,19111
1004,NBVENTURES,4014
1005,NCC,2319
1006,NCLIND,14490
1007,NDGL,18371
1008,NDL,31258
1009,NDRAUTO,22255
1010,NDTV,11427
1011,NECCLTD,13522
1012,NECLIFE,11927
1013,NELCAST,14761
1014,NELCO,2388
1015,NEOGEN,9917
1016,NESCO,15409
1017,NESTLEIND,17963
1018,NETWORK18,14111
1019,NEULANDLAB,2406
1020,NEWGEN,1164
1021,NEXTMEDIA,9867
1022,NFL,13925
1023,NH,11840
1024,NHPC,17400
1025,NIACL,399
1026,NIBL,29737
1027,NIITLTD,11522
1028,NILAINFRA,9257
1029,NILASPACES,7450
1030,NILKAMAL,2421
1031,NIPPOBATRY,6782
1032,NIRAJ,255
1033,NIRAJISPAT,18844
1034,NITCO,13300
1035,NITINFIRE,13320
1036,NITINSPIN,13175
1037,NKIND,2439
1038,NLCINDIA,8585
1039,NMDC,15332
1040,NOCIL,2442
1041,NOIDATOLL,10786
1042,NORBTEAEXP,4160
1043,NOVARTIND,9007
1044,NRAIL,20314
1045,NRBBEARING,7553
1046,NSIL,11239
1047,NTL,30550
1048,NTPC,11630
1049,NUCLEUS,10791
1050,NXTDIGITAL,14547
1051,OAL,10768
1052,OBEROIRLTY,20242
1053,OCCL,12231
1054,OFSS,10738
1055,OIL,17438
1056,OILCOUNTUB,8109
1057,OLECTRA,10637
1058,OMAXAUTO,10922
1059,OMAXE,14853
1060,OMINFRAL,24231
1061,OMKARCHEM,21515
1062,ONELIFECAP,25496
1063,ONEPOINT,9939
1064,ONGC,2475
1065,ONMOBILE,15278
1066,ONWARDTEC,2481
1067,OPTIEMUS,21469
1068,OPTOCIRCUI,11526
1069,ORBTEXP,31475
1070,ORCHPHARMA,929
1071,ORICONENT,10163
1072,ORIENTABRA,13111
1073,ORIENTALTL,14346
1074,ORIENTBELL,14278
1075,ORIENTCEM,30089
1076,ORIENTELEC,2972
1077,ORIENTHOT,2493
1078,ORIENTLTD,18208
1079,ORIENTPPR,2496
1080,ORIENTREF,31163
1081,ORISSAMINE,19931
1082,ORTEL,13321
1083,OSWALAGRO,2514
1084,PAEL,1668
1085,PAGEIND,14413
1086,PAISALO,25468
1087,PALASHSECU,21383
1088,PALREDTEC,17059
1089,PANACEABIO,4055
1090,PANACHE,16292
1091,PANAMAPET,25392
1092,PARACABLES,13951
1093,PARAGMILK,17130
1094,PARSVNATH,13791
1095,PATELENG,11699
1096,PATINTLOG,15219
1097,PATSPINLTD,2589
1098,PCJEWELLER,29124
1099,PDMJEPAPER,15377
1100,PDSMFL,5264
1101,PEARLPOLY,2610
1102,PEL,2412
1103,PENIND,20621
1104,PENINLAND,2256
1105,PERSISTENT,18365
1106,PETRONET,11351
1107,PFC,14299
1108,PFIZER,2643
1109,PFOCUS,13496
1110,PFS,22602
1111,PGEL,25362
1112,PGHH,2535
1113,PGHL,940
1114,PGIL,14260
1115,PHILIPCARB,2649
1116,PHOENIXLTD,14552
1117,PIDILITIND,2664
1118,PIIND,24184
1119,PILANIINVS,11445
1120,PILITA,30835
1121,PIONDIST,18992
1122,PIONEEREMB,13463
1123,PITTIENG,14134
1124,PKTEA,10318
1125,PLASTIBLEN,13920
1126,PNB,10666
1127,PNBGILTS,8736
1128,PNBHOUSING,18908
1129,PNC,9342
1130,PNCINFRA,9385
1131,PODDARHOUS,20450
1132,PODDARMENT,19036
1133,POKARNA,17651
1134,POLYCAB,9590
1135,POLYMED,25718
1136,POLYPLEX,2687
1137,PONNIERODE,10661
1138,POWERGRID,14977
1139,POWERINDIA,18457
1140,POWERMECH,10473
1141,PPAP,15209
1142,PPL,10297
1143,PRABHAT,10650
1144,PRAENG,13941
1145,PRAJIND,2705
1146,PRAKASH,2708
1147,PRAKASHSTL,19599
1148,PRAXIS,1216
1149,PRECAM,12603
1150,PRECOT,2711
1151,PRECWIRE,2717
1152,PREMEXPLN,17397
1153,PREMIER,6248
1154,PREMIERPOL,3908
1155,PRESSMN,11671
1156,PRESTIGE,20302
1157,PRICOLLTD,19631
1158,PRIMESECU,11864
1159,PRINCEPIPE,16045
1160,PRIVISCL,8825
1161,PROZONINTU,28859
1162,PRSMJOHNSN,2739
1163,PSB,21001
1164,PSPPROJECT,20877
1165,PTC,11355
1166,PTL,14101
1167,PUNJABCHEM,4344
1168,PUNJLLOYD,13396
1169,PURVA,14922
1170,PVR,13147
1171,QUESS,17704
1172,QUICKHEAL,13116
1173,RADAAN,11268
1174,RADICO,10990
1175,RADIOCITY,19877
1176,RAIN,15337
1177,RAJESHEXPO,7401
1178,RAJMET,2168
1179,RAJRATAN,18962
1180,RAJRAYON,7341
1181,RAJSREESUG,2809
1182,RAJTV,14403
1183,RALLIS,2816
1184,RAMANEWS,13565
1185,RAMASTEEL,10304
1186,RAMCOCEM,2043
1187,RAMCOIND,4587
1188,RAMCOSYS,7851
1189,RAMKY,20134
1190,RANASUG,2837
1191,RANEENGINE,16751
1192,RANEHOLDIN,2844
1193,RATNAMANI,13451
1194,RAYMOND,2859
1195,RBL,16745
1196,RBLBANK,18391
1197,RCF,2866
1198,RCOM,13187
1199,RECLTD,15355
1200,REDINGTON,14255
1201,REFEX,17764
1202,RELAXO,24225
1203,RELCAPITAL,2882
1204,RELIANCE,2885
1205,RELIGARE,15068
1206,RELINFRA,553
1207,REMSONSIND,3965
1208,RENUKA,12026
1209,REPCOHOME,29598
1210,REPL,1480
1211,REPRO,13126
1212,RESPONIND,20323
1213,REVATHI,11961
1214,RGL,15129
1215,RHFL,21733
1216,RICOAUTO,2909
1217,RIIL,2912
1218,RITES,3761
1219,RKDL,20950
1220,RKEC,1547
1221,RKFORGE,11411
1222,RMCL,15097
1223,RML,11975
1224,RNAVAL,1986
1225,ROHLTD,13182
1226,ROLLT,19108
1227,ROLTA,2918
1228,ROML,366
1229,ROSSARI,19410
1230,ROSSELLIND,28913
1231,ROUTE,128
1232,RPGLIFE,16725
1233,RPOWER,15259
1234,RPPINFRA,20760
1235,RPSGVENT,8119
1236,RSSOFTWARE,6429
1237,RSWM,2794
1238,RSYSTEMS,13414
1239,RTNINFRA,27297
1240,RTNPOWER,17520
1241,RUBYMILLS,2939
1242,RUCHI,17029
1243,RUCHINFRA,8423
1244,RUCHIRA,13821
1245,RUPA,25724
1246,RUSHIL,24595
1247,RVHL,1565
1248,RVNL,9552
1249,S&SPOWER,8733
1250,SABEVENTS,18497
1251,SABTN,15060
1252,SADBHAV,13236
1253,SADBHIN,10618
1254,SAFARI,13035
1255,SAGARDEEP,8175
1256,SAGCEM,14068
1257,SAIL,2963
1258,SAKAR,9539
1259,SAKHTISUG,2969
1260,SAKSOFT,11794
1261,SAKUMA,13251
1262,SALASAR,21362
1263,SALONA,17351
1264,SALSTEEL,11634
1265,SALZERELEC,11399
1266,SAMBHAAV,4127
1267,SANCO,19049
1268,SANDESH,2988
1269,SANDHAR,2397
1270,SANGAMIND,9307
1271,SANGHIIND,2997
1272,SANGHVIFOR,23824
1273,SANGHVIMOV,14058
1274,SANGINITA,11032
1275,SANOFI,1442
1276,SANWARIA,46
1277,SARDAEN,17758
1278,SAREGAMA,4892
1279,SARLAPOLY,14043
1280,SASKEN,11983
1281,SASTASUNDR,20063
1282,SATIA,11045
1283,SATIN,10453
1284,SBICARD,17971
1285,SBILIFE,21808
1286,SBIN,3045
1287,SCAPDVR,27
1288,SCHAEFFLER,1011
1289,SCHAND,20698
1290,SCHNEIDER,31234
1291,SCI,3048
1292,SDBL,1338
1293,SEAMECLTD,2616
1294,SECURKLOUD,11058
1295,SELAN,13598
1296,SELMCL,18453
1297,SEPOWER,27307
1298,SEQUENT,14296
1299,SESHAPAPER,3066
1300,SETCO,17514
1301,SETUINFRA,25418
1302,SEYAIND,10828
1303,SEZAL,570
1304,SFL,19184
1305,SGL,13367
1306,SHAHALLOYS,11859
1307,SHAKTIPUMP,25574
1308,SHALBY,714
1309,SHALPAINTS,15342
1310,SHANKARA,20321
1311,SHANTIGEAR,3078
1312,SHARDACROP,4992
1313,SHARDAMOTR,10530
1314,SHAREINDIA,104
1315,SHEMAROO,5068
1316,SHIL,15883
1317,SHILPAMED,17752
1318,SHIVAMAUTO,13756
1319,SHIVAMILLS,1503
1320,SHIVATEX,804
1321,SHK,11212
1322,SHOPERSTOP,11813
1323,SHRADHA,716
1324,SHREDIGCEM,3099
1325,SHREECEM,3103
1326,SHREEPUSHK,10588
1327,SHREERAMA,7627
1328,SHRENIK,11149
1329,SHREYANIND,3126
1330,SHREYAS,3129
1331,SHRIPISTON,17190
1332,SHRIRAMCIT,11739
1333,SHRIRAMEPC,15308
1334,SHYAMCENT,10188
1335,SHYAMTEL,13740
1336,SICAGEN,16875
1337,SICAL,6368
1338,SIEMENS,3150
1339,SIGIND,4522
1340,SIL,11298
1341,SILINV,4105
1342,SILLYMONKS,19099
1343,SIMBHALS,14612
1344,SIMPLEXINF,3162
1345,SINTERCOM,381
1346,SINTEX,21462
1347,SIRCA,11051
1348,SIS,21501
1349,SITINET,13998
1350,SIYSIL,14096
1351,SJVN,18883
1352,SKFINDIA,3186
1353,SKIL,15232
1354,SKIPPER,1129
1355,SKMEGGPROD,9428
1356,SMARTLINK,4732
1357,SMLISUZU,9889
1358,SMSLIFE,3387
1359,SMSPHARMA,21551
1360,SNOWMAN,14329
1361,SOBHA,4843
1362,SOLARA,13826
1363,SOLARINDS,3672
1364,SOMANYCERA,13332
1365,SOMATEX,3880
1366,SOMICONVEY,4201
1367,SONATSOFTW,17798
1368,SORILINFRA,6596
1369,SOTL,13076
1370,SOUTHBANK,3021
1371,SOUTHWEST,5948
1372,SPAL,9678
1373,SPANDANA,18252
1374,SPARC,11435
1375,SPECIALITY,14788
1376,SPENCERS,27107
1377,SPENTEX,8163
1378,SPIC,22439
1379,SPICEJET,3252
1380,SPLIL,11446
1381,SPMLINFRA,11935
1382,SPTL,3321
1383,SPYL,21099
1384,SREEL,31837
1385,SREINFRA,3267
1386,SRF,3273
1387,SRHHYPOLTD,14582
1388,SRIPIPES,14927
1389,SRPL,143
1390,SRTRANSFIN,4306
1391,SSWL,11829
1392,STAR,7374
1393,STARCEMENT,21091
1394,STARPAPER,3291
1395,STCINDIA,10948
1396,STEELCITY,10406
1397,STEELXIND,21339
1398,STEL,6733
1399,STERTOOLS,4299
1400,STLTECH,9309
1401,STOVEKRAFT,2107
1402,SUBCAPCITY,9666
1403,SUBEXLTD,967
1404,SUBROS,3324
1405,SUDARSCHEM,3327
1406,SUMICHEM,17105
1407,SUMIT,11140
1408,SUMMITSEC,21275
1409,SUNCLAYLTD,29008
1410,SUNDARAM,18931
1411,SUNDARMFIN,3339
1412,SUNDARMHLD,2183
1413,SUNDRMBRAK,4179
1414,SUNDRMFAST,3345
1415,SUNFLAG,3348
1416,SUNPHARMA,3351
1417,SUNTECK,17641
1418,SUNTV,13404
1419,SUPERHOUSE,20616
1420,SUPERSPIN,3357
1421,SUPPETRO,3360
1422,SUPRAJIT,11689
1423,SUPREMEENG,1389
1424,SUPREMEIND,3363
1425,SURANASOL,21081
1426,SURANAT&P,10700
1427,SURYALAXMI,11852
1428,SURYAROSNI,3375
1429,SUTLEJTEX,13801
1430,SUULD,643
1431,SUVEN,11233
1432,SUVENPHAR,17945
1433,SUZLON,12018
1434,SWANENERGY,27095
1435,SWARAJENG,3384
1436,SWELECTES,11909
1437,SWSOLAR,12489
1438,SYMPHONY,24190
1439,SYNCOM,213
1440,SYNGENE,10243
1441,TAINWALCHM,3396
1442,TAJGVK,9354
1443,TAKE,14917
1444,TALBROAUTO,13648
1445,TANLA,13976
1446,TANTIACONS,1314
1447,TARC,1581
1448,TARMAT,14771
1449,TASTYBITE,20092
1450,TATACHEM,3405
1451,TATACOFFEE,724
1452,TATACOMM,3721
1453,TATACONSUM,3432
1454,TATAELXSI,3411
1455,TATAINVEST,1621
1456,TATAMETALI,3423
1457,TATAMOTORS,3456
1458,TATAMTRDVR,16965
1459,TATAPOWER,3426
1460,TATASTEEL,3499
1461,TATASTLBSL,447
1462,TATASTLLP,1639
1463,TBZ,27037
1464,TCI,10580
1465,TCIDEVELOP,23452
1466,TCIEXP,19223
1467,TCIFINANCE,4771
1468,TCNSBRANDS,4172
1469,TCPLPACK,184
1470,TCS,11536
1471,TDPOWERSYS,25178
1472,TEAMLEASE,12716
1473,TECHIN,25194
1474,TECHM,13538
1475,TECHNOE,6445
1476,TEJASNET,21131
1477,TERASOFT,19292
1478,TEXINFRA,11549
1479,TEXMOPIPES,18214
1480,TEXRAIL,21828
1481,TFCILTD,3466
1482,TFL,1663
1483,TGBHOTELS,14607
1484,THANGAMAYL,18118
1485,THEINVEST,21427
1486,THEMISMED,14485
1487,THERMAX,3475
1488,THIRUSUGAR,10064
1489,THOMASCOOK,3481
1490,THOMASCOTT,31021
1491,THYROCARE,17032
1492,TI,19196
1493,TIDEWATER,14019
1494,TIIL,14223
1495,TIINDIA,312
1496,TIJARIA,25486
1497,TIL,3484
1498,TIMESGTY,10717
1499,TIMETECHNO,14707
1500,TIMKEN,14198
1501,TINPLATE,3493
1502,TIPSINDLTD,9121
1503,TIRUMALCHM,3496
1504,TIRUPATIFL,22284
1505,TITAN,3506
1506,TMRVL,19205
1507,TNPETRO,3509
1508,TNPL,3980
1509,TNTELE,9884
1510,TOKYOPLAST,3837
1511,TORNTPHARM,3518
1512,TORNTPOWER,13786
1513,TOTAL,22423
1514,TOUCHWOOD,16910
1515,TPLPLASTEH,9219
1516,TREEHOUSE,25082
1517,TREJHARA,7518
1518,TRENT,1964
1519,TRF,17987
1520,TRIDENT,9685
1521,TRIGYN,5428
1522,TRIL,15174
1523,TRITURBINE,25584
1524,TRIVENI,13081
1525,TTKHLTCARE,11369
1526,TTKPRESTIG,3546
1527,TTL,14314
1528,TTML,8958
1529,TV18BRDCST,14208
1530,TVSELECT,11265
1531,TVSMOTOR,8479
1532,TVSSRICHAK,14245
1533,TVTODAY,11275
1534,TVVISION,18504
1535,TWL,15414
1536,UBL,16713
1537,UCALFUEL,3570
1538,UCOBANK,11223
1539,UFLEX,1053
1540,UFO,9039
1541,UGARSUGAR,19578
1542,UJAAS,25540
1543,UJJIVAN,17069
1544,UJJIVANSFB,15228
1545,ULTRACEMCO,11532
1546,UMANGDAIRY,11387
1547,UMESLTD,19145
1548,UNICHEMLAB,3579
1549,UNIDT,201
1550,UNIENTER,11293
1551,UNIONBANK,10753
1552,UNITECH,8893
1553,UNITEDTEA,17999
1554,UNITY,4785
1555,UNIVASTU,18979
1556,UNIVCABLES,3607
1557,UNIVPHOTO,17659
1558,UPL,11287
1559,URJA,20207
1560,USHAMART,8840
1561,UTIAMC,527
1562,UTTAMSTL,8356
1563,UTTAMSUGAR,13376
1564,V2RETAIL,14766
1565,VADILALIND,24196
1566,VAIBHAVGBL,11364
1567,VAISHALI,16621
1568,VAKRANGEE,13342
1569,VALIANTORG,330
1570,VARDHACRLC,11220
1571,VARDMNPOLY,3646
1572,VARROC,3857
1573,VASCONEQ,18110
1574,VASWANI,25340
1575,VBL,18921
1576,VEDL,3063
1577,VENKEYS,3757
1578,VENUSREM,13859
1579,VERTOZ,18863
1580,VESUVIUS,3676
1581,VETO,8652
1582,VGUARD,15362
1583,VHL,11892
1584,VICEROY,14907
1585,VIDEOIND,4576
1586,VIDHIING,13536
1587,VIJIFIN,17691
1588,VIKASECO,25756
1589,VIKASMCORP,9931
1590,VIKASPROP,12148
1591,VIKASWSP,3688
1592,VIMTALABS,13101
1593,VINATIORGA,17364
1594,VINDHYATEL,3694
1595,VINYLINDIA,16821
1596,VIPCLOTHNG,14847
1597,VIPIND,3703
1598,VIPULLTD,8424
1599,VISAKAIND,4221
1600,VISASTEEL,13295
1601,VISHAL,11773
1602,VISHNU,6908
1603,VISHWARAJ,13702
1604,VIVIDHA,29881
1605,VIVIMEDLAB,11965
1606,VLSFINANCE,3715
1607,VMART,29284
1608,VOLTAMP,13577
1609,VOLTAS,3718
1610,VRLLOG,8696
1611,VSSL,27067
1612,VSTIND,3724
1613,VSTTILLERS,24292
1614,VTL,2073
1615,WABAG,20188
1616,WABCOINDIA,16915
1617,WALCHANNAG,3736
1618,WANBURY,1682
1619,WATERBASE,3745
1620,WEALTH,1923
1621,WEBELSOLAR,14602
1622,WEIZMANIND,3748
1623,WELCORP,11821
1624,WELENT,11626
1625,WELINV,19800
1626,WELSPUNIND,11253
1627,WENDT,4235
1628,WESTLIFE,11580
1629,WHEELS,3766
1630,WHIRLPOOL,18011
1631,WILLAMAGOR,3772
1632,WINDMACHIN,24969
1633,WIPL,20491
1634,WIPRO,3787
1635,WOCKPHARMA,7506
1636,WONDERLA,3002
1637,WORTH,22277
1638,WSI,14828
1639,WSTCSTPAPR,3799
1640,XCHANGING,11705
1641,XELPMOC,8477
1642,XPROINDIA,11407
1643,YAARII,24999
1644,YESBANK,11915
1645,ZEEL,3812
1646,ZEELEARN,20852
1647,ZEEMEDIA,14003
1648,ZENITHEXPO,4176
1649,ZENSARTECH,1076
1650,ZENTEC,7508
1651,ZODIACLOTH,3821
1652,ZODJRDMKJ,3824
1653,ZOTA,11394
1654,ZUARI,29050
1655,ZUARIGLOB,5651
1656,ZYDUSWELL,17635
